{"_step":99,"epoch":100,"training_loss":0.01992335884521405,"validation_loss":0.03459249436855316,"_timestamp":1.742740767275479e+09,"_wandb":{"runtime":280},"_runtime":278.6360979}