{"_timestamp":1.7427446677168267e+09,"_runtime":356.9201625,"_step":99,"_wandb":{"runtime":359},"epoch":100,"training_loss":0.012540416670558245,"validation_loss":0.03545382432639599}