{"validation_loss":0.1548425704240799,"_timestamp":1.742741354210868e+09,"_wandb":{"runtime":44},"_runtime":43.0547273,"_step":19,"epoch":20,"training_loss":0.12188879400491714}